,count,mean,std,min,25%,50%,75%,max
id,5.0,3.0,1.5811388300841898,1.0,2.0,3.0,4.0,5.0
age,5.0,26.0,7.106335201775948,18.0,19.0,28.0,32.0,33.0
bmi,5.0,29.250999999999998,4.4522275323707365,22.705,27.9,28.88,33.0,33.77
children,5.0,0.8,1.30384048104053,0.0,0.0,0.0,1.0,3.0
charges,5.0,9782.252821999999,9051.009157648406,1725.5523,3866.8552,4449.462,16884.924,21984.47061
